_id,id_sexo,sexo,id_jurisdiccion,jurisdiccion,anio,jurisdiccion_tasa_vih
1,3,ambos_sexos,200,ARG,2010,"17,6"
2,3,ambos_sexos,200,ARG,2011,"17,4"
3,3,ambos_sexos,200,ARG,2012,"17,3"
4,3,ambos_sexos,200,ARG,2013,"17,1"
5,3,ambos_sexos,200,ARG,2014,"15,3"
6,3,ambos_sexos,200,ARG,2015,"15,3"
7,3,ambos_sexos,200,ARG,2016,"14,2"
8,3,ambos_sexos,200,ARG,2017,"11,1"
9,3,ambos_sexos,200,ARG,2018,"13,6"
10,3,ambos_sexos,200,ARG,2019,"12,9"
11,3,ambos_sexos,200,ARG,2020,"8,1"
12,3,ambos_sexos,200,ARG,2021,"11,6"
13,3,ambos_sexos,200,ARG,2022,"12,2"
14,3,ambos_sexos,2,CABA,2010,"47,0"
15,3,ambos_sexos,2,CABA,2011,"43,7"
16,3,ambos_sexos,2,CABA,2012,"41,7"
17,3,ambos_sexos,2,CABA,2013,"40,0"
18,3,ambos_sexos,2,CABA,2014,"35,3"
19,3,ambos_sexos,2,CABA,2015,"36,6"
20,3,ambos_sexos,2,CABA,2016,"33,7"
21,3,ambos_sexos,2,CABA,2017,"22,7"
22,3,ambos_sexos,2,CABA,2018,"24,3"
23,3,ambos_sexos,2,CABA,2019,"24,7"
24,3,ambos_sexos,2,CABA,2020,"13,6"
25,3,ambos_sexos,2,CABA,2021,"17,2"
26,3,ambos_sexos,2,CABA,2022,"17,2"
27,3,ambos_sexos,6,Buenos Aires,2010,"15,4"
28,3,ambos_sexos,6,Buenos Aires,2011,"15,1"
29,3,ambos_sexos,6,Buenos Aires,2012,"13,9"
30,3,ambos_sexos,6,Buenos Aires,2013,"13,1"
31,3,ambos_sexos,6,Buenos Aires,2014,"11,7"
32,3,ambos_sexos,6,Buenos Aires,2015,"11,5"
33,3,ambos_sexos,6,Buenos Aires,2016,"10,3"
34,3,ambos_sexos,6,Buenos Aires,2017,"7,2"
35,3,ambos_sexos,6,Buenos Aires,2018,"9,2"
36,3,ambos_sexos,6,Buenos Aires,2019,"8,9"
37,3,ambos_sexos,6,Buenos Aires,2020,"5,2"
38,3,ambos_sexos,6,Buenos Aires,2021,"6,5"
39,3,ambos_sexos,6,Buenos Aires,2022,"6,7"
40,3,ambos_sexos,10,Catamarca,2010,"5,0"
41,3,ambos_sexos,10,Catamarca,2011,"9,4"
42,3,ambos_sexos,10,Catamarca,2012,"11,4"
43,3,ambos_sexos,10,Catamarca,2013,"9,8"
44,3,ambos_sexos,10,Catamarca,2014,"11,2"
45,3,ambos_sexos,10,Catamarca,2015,"17,1"
46,3,ambos_sexos,10,Catamarca,2016,"13,0"
47,3,ambos_sexos,10,Catamarca,2017,"2,5"
48,3,ambos_sexos,10,Catamarca,2018,"1,2"
49,3,ambos_sexos,10,Catamarca,2019,"4,4"
50,3,ambos_sexos,10,Catamarca,2020,"7,5"
51,3,ambos_sexos,10,Catamarca,2021,"16,2"
52,3,ambos_sexos,10,Catamarca,2022,"16,3"
53,3,ambos_sexos,22,Chaco,2010,"8,4"
54,3,ambos_sexos,22,Chaco,2011,"8,7"
55,3,ambos_sexos,22,Chaco,2012,"10,0"
56,3,ambos_sexos,22,Chaco,2013,"12,7"
57,3,ambos_sexos,22,Chaco,2014,"4,2"
58,3,ambos_sexos,22,Chaco,2015,"1,9"
59,3,ambos_sexos,22,Chaco,2016,"6,7"
60,3,ambos_sexos,22,Chaco,2017,"2,0"
61,3,ambos_sexos,22,Chaco,2018,"14,9"
62,3,ambos_sexos,22,Chaco,2019,"10,4"
63,3,ambos_sexos,22,Chaco,2020,"4,3"
64,3,ambos_sexos,22,Chaco,2021,"9,0"
65,3,ambos_sexos,22,Chaco,2022,"9,3"
66,3,ambos_sexos,26,Chubut,2010,"19,5"
67,3,ambos_sexos,26,Chubut,2011,"25,9"
68,3,ambos_sexos,26,Chubut,2012,"21,3"
69,3,ambos_sexos,26,Chubut,2013,"24,9"
70,3,ambos_sexos,26,Chubut,2014,"18,5"
71,3,ambos_sexos,26,Chubut,2015,"19,8"
72,3,ambos_sexos,26,Chubut,2016,"21,0"
73,3,ambos_sexos,26,Chubut,2017,"9,4"
74,3,ambos_sexos,26,Chubut,2018,"22,1"
75,3,ambos_sexos,26,Chubut,2019,"22,7"
76,3,ambos_sexos,26,Chubut,2020,"15,3"
77,3,ambos_sexos,26,Chubut,2021,"16,7"
78,3,ambos_sexos,26,Chubut,2022,"17,5"
79,3,ambos_sexos,14,Crdoba,2010,"19,4"
80,3,ambos_sexos,14,Crdoba,2011,"17,4"
81,3,ambos_sexos,14,Crdoba,2012,"18,5"
82,3,ambos_sexos,14,Crdoba,2013,"18,3"
83,3,ambos_sexos,14,Crdoba,2014,"17,0"
84,3,ambos_sexos,14,Crdoba,2015,"15,5"
85,3,ambos_sexos,14,Crdoba,2016,"14,7"
86,3,ambos_sexos,14,Crdoba,2017,"13,6"
87,3,ambos_sexos,14,Crdoba,2018,"13,0"
88,3,ambos_sexos,14,Crdoba,2019,"11,2"
89,3,ambos_sexos,14,Crdoba,2020,"8,2"
90,3,ambos_sexos,14,Crdoba,2021,"15,8"
91,3,ambos_sexos,14,Crdoba,2022,"17,5"
92,3,ambos_sexos,18,Corrientes,2010,"8,7"
93,3,ambos_sexos,18,Corrientes,2011,"7,7"
94,3,ambos_sexos,18,Corrientes,2012,"8,7"
95,3,ambos_sexos,18,Corrientes,2013,"10,4"
96,3,ambos_sexos,18,Corrientes,2014,"9,7"
97,3,ambos_sexos,18,Corrientes,2015,"10,9"
98,3,ambos_sexos,18,Corrientes,2016,"10,2"
99,3,ambos_sexos,18,Corrientes,2017,"3,2"
100,3,ambos_sexos,18,Corrientes,2018,"6,4"
101,3,ambos_sexos,18,Corrientes,2019,"3,6"
102,3,ambos_sexos,18,Corrientes,2020,"4,9"
103,3,ambos_sexos,18,Corrientes,2021,"9,0"
104,3,ambos_sexos,18,Corrientes,2022,"5,4"
105,3,ambos_sexos,30,Entre Ros,2010,"13,1"
106,3,ambos_sexos,30,Entre Ros,2011,"14,3"
107,3,ambos_sexos,30,Entre Ros,2012,"12,5"
108,3,ambos_sexos,30,Entre Ros,2013,"14,1"
109,3,ambos_sexos,30,Entre Ros,2014,"9,8"
110,3,ambos_sexos,30,Entre Ros,2015,"10,9"
111,3,ambos_sexos,30,Entre Ros,2016,"9,0"
112,3,ambos_sexos,30,Entre Ros,2017,"4,2"
113,3,ambos_sexos,30,Entre Ros,2018,"11,2"
114,3,ambos_sexos,30,Entre Ros,2019,"7,3"
115,3,ambos_sexos,30,Entre Ros,2020,"6,9"
116,3,ambos_sexos,30,Entre Ros,2021,"7,4"
117,3,ambos_sexos,30,Entre Ros,2022,"5,9"
118,3,ambos_sexos,34,Formosa,2010,"7,1"
119,3,ambos_sexos,34,Formosa,2011,"5,9"
120,3,ambos_sexos,34,Formosa,2012,"8,7"
121,3,ambos_sexos,34,Formosa,2013,"12,8"
122,3,ambos_sexos,34,Formosa,2014,"7,0"
123,3,ambos_sexos,34,Formosa,2015,"12,1"
124,3,ambos_sexos,34,Formosa,2016,"12,7"
125,3,ambos_sexos,34,Formosa,2017,"13,2"
126,3,ambos_sexos,34,Formosa,2018,"16,5"
127,3,ambos_sexos,34,Formosa,2019,"23,0"
128,3,ambos_sexos,34,Formosa,2020,"14,4"
129,3,ambos_sexos,34,Formosa,2021,"14,6"
130,3,ambos_sexos,34,Formosa,2022,"19,0"
131,3,ambos_sexos,38,Jujuy,2010,"18,0"
132,3,ambos_sexos,38,Jujuy,2011,"15,3"
133,3,ambos_sexos,38,Jujuy,2012,"20,5"
134,3,ambos_sexos,38,Jujuy,2013,"25,1"
135,3,ambos_sexos,38,Jujuy,2014,"23,1"
136,3,ambos_sexos,38,Jujuy,2015,"24,2"
137,3,ambos_sexos,38,Jujuy,2016,"22,7"
138,3,ambos_sexos,38,Jujuy,2017,"27,4"
139,3,ambos_sexos,38,Jujuy,2018,"39,4"
140,3,ambos_sexos,38,Jujuy,2019,"41,2"
141,3,ambos_sexos,38,Jujuy,2020,"17,9"
142,3,ambos_sexos,38,Jujuy,2021,"41,1"
143,3,ambos_sexos,38,Jujuy,2022,"24,6"
144,3,ambos_sexos,42,La Pampa,2010,"11,9"
145,3,ambos_sexos,42,La Pampa,2011,"16,7"
146,3,ambos_sexos,42,La Pampa,2012,"12,0"
147,3,ambos_sexos,42,La Pampa,2013,"22,0"
148,3,ambos_sexos,42,La Pampa,2014,"15,9"
149,3,ambos_sexos,42,La Pampa,2015,"19,2"
150,3,ambos_sexos,42,La Pampa,2016,"19,9"
151,3,ambos_sexos,42,La Pampa,2017,"20,9"
152,3,ambos_sexos,42,La Pampa,2018,"13,9"
153,3,ambos_sexos,42,La Pampa,2019,"14,6"
154,3,ambos_sexos,42,La Pampa,2020,"10,9"
155,3,ambos_sexos,42,La Pampa,2021,"13,6"
156,3,ambos_sexos,42,La Pampa,2022,"15,1"
157,3,ambos_sexos,46,La Rioja,2010,"18,4"
158,3,ambos_sexos,46,La Rioja,2011,"15,3"
159,3,ambos_sexos,46,La Rioja,2012,"9,9"
160,3,ambos_sexos,46,La Rioja,2013,"18,5"
161,3,ambos_sexos,46,La Rioja,2014,"17,1"
162,3,ambos_sexos,46,La Rioja,2015,"12,0"
163,3,ambos_sexos,46,La Rioja,2016,"4,0"
164,3,ambos_sexos,46,La Rioja,2017,"1,9"
165,3,ambos_sexos,46,La Rioja,2018,"1,3"
166,3,ambos_sexos,46,La Rioja,2019,"10,3"
167,3,ambos_sexos,46,La Rioja,2020,"2,0"
168,3,ambos_sexos,46,La Rioja,2021,"14,3"
169,3,ambos_sexos,46,La Rioja,2022,"28,0"
170,3,ambos_sexos,50,Mendoza,2010,"14,9"
171,3,ambos_sexos,50,Mendoza,2011,"15,9"
172,3,ambos_sexos,50,Mendoza,2012,"15,7"
173,3,ambos_sexos,50,Mendoza,2013,"17,3"
174,3,ambos_sexos,50,Mendoza,2014,"17,3"
175,3,ambos_sexos,50,Mendoza,2015,"17,5"
176,3,ambos_sexos,50,Mendoza,2016,"16,0"
177,3,ambos_sexos,50,Mendoza,2017,"16,0"
178,3,ambos_sexos,50,Mendoza,2018,"17,0"
179,3,ambos_sexos,50,Mendoza,2019,"17,8"
180,3,ambos_sexos,50,Mendoza,2020,"11,1"
181,3,ambos_sexos,50,Mendoza,2021,"15,7"
182,3,ambos_sexos,50,Mendoza,2022,"17,8"
183,3,ambos_sexos,54,Misiones,2010,"12,1"
184,3,ambos_sexos,54,Misiones,2011,"11,3"
185,3,ambos_sexos,54,Misiones,2012,"16,6"
186,3,ambos_sexos,54,Misiones,2013,"10,3"
187,3,ambos_sexos,54,Misiones,2014,"8,1"
188,3,ambos_sexos,54,Misiones,2015,"3,0"
189,3,ambos_sexos,54,Misiones,2016,"12,4"
190,3,ambos_sexos,54,Misiones,2017,"9,6"
191,3,ambos_sexos,54,Misiones,2018,"10,7"
192,3,ambos_sexos,54,Misiones,2019,"3,9"
193,3,ambos_sexos,54,Misiones,2020,"2,6"
194,3,ambos_sexos,54,Misiones,2021,"13,3"
195,3,ambos_sexos,54,Misiones,2022,"7,4"
196,3,ambos_sexos,58,Neuqun,2010,"22,2"
197,3,ambos_sexos,58,Neuqun,2011,"22,5"
198,3,ambos_sexos,58,Neuqun,2012,"20,5"
199,3,ambos_sexos,58,Neuqun,2013,"18,3"
200,3,ambos_sexos,58,Neuqun,2014,"23,3"
201,3,ambos_sexos,58,Neuqun,2015,"23,2"
202,3,ambos_sexos,58,Neuqun,2016,"21,3"
203,3,ambos_sexos,58,Neuqun,2017,"23,8"
204,3,ambos_sexos,58,Neuqun,2018,"22,0"
205,3,ambos_sexos,58,Neuqun,2019,"21,1"
206,3,ambos_sexos,58,Neuqun,2020,"10,7"
207,3,ambos_sexos,58,Neuqun,2021,"11,3"
208,3,ambos_sexos,58,Neuqun,2022,"12,2"
209,3,ambos_sexos,62,Ro Negro,2010,"14,0"
210,3,ambos_sexos,62,Ro Negro,2011,"14,7"
211,3,ambos_sexos,62,Ro Negro,2012,"16,3"
212,3,ambos_sexos,62,Ro Negro,2013,"19,2"
213,3,ambos_sexos,62,Ro Negro,2014,"14,7"
214,3,ambos_sexos,62,Ro Negro,2015,"17,7"
215,3,ambos_sexos,62,Ro Negro,2016,"19,6"
216,3,ambos_sexos,62,Ro Negro,2017,"15,4"
217,3,ambos_sexos,62,Ro Negro,2018,"18,8"
218,3,ambos_sexos,62,Ro Negro,2019,"15,6"
219,3,ambos_sexos,62,Ro Negro,2020,"10,6"
220,3,ambos_sexos,62,Ro Negro,2021,"10,0"
221,3,ambos_sexos,62,Ro Negro,2022,"12,9"
222,3,ambos_sexos,66,Salta,2010,"20,7"
223,3,ambos_sexos,66,Salta,2011,"23,8"
224,3,ambos_sexos,66,Salta,2012,"24,8"
225,3,ambos_sexos,66,Salta,2013,"23,5"
226,3,ambos_sexos,66,Salta,2014,"26,4"
227,3,ambos_sexos,66,Salta,2015,"25,3"
228,3,ambos_sexos,66,Salta,2016,"24,5"
229,3,ambos_sexos,66,Salta,2017,"25,0"
230,3,ambos_sexos,66,Salta,2018,"27,0"
231,3,ambos_sexos,66,Salta,2019,"25,7"
232,3,ambos_sexos,66,Salta,2020,"20,4"
233,3,ambos_sexos,66,Salta,2021,"30,6"
234,3,ambos_sexos,66,Salta,2022,"31,7"
235,3,ambos_sexos,70,San Juan,2010,"8,3"
236,3,ambos_sexos,70,San Juan,2011,"13,1"
237,3,ambos_sexos,70,San Juan,2012,"14,3"
238,3,ambos_sexos,70,San Juan,2013,"13,4"
239,3,ambos_sexos,70,San Juan,2014,"12,5"
240,3,ambos_sexos,70,San Juan,2015,"12,9"
241,3,ambos_sexos,70,San Juan,2016,"13,0"
242,3,ambos_sexos,70,San Juan,2017,"11,6"
243,3,ambos_sexos,70,San Juan,2018,"14,4"
244,3,ambos_sexos,70,San Juan,2019,"15,3"
245,3,ambos_sexos,70,San Juan,2020,"10,9"
246,3,ambos_sexos,70,San Juan,2021,"12,5"
247,3,ambos_sexos,70,San Juan,2022,"19,1"
248,3,ambos_sexos,74,San Luis,2010,"9,9"
249,3,ambos_sexos,74,San Luis,2011,"10,7"
250,3,ambos_sexos,74,San Luis,2012,"15,3"
251,3,ambos_sexos,74,San Luis,2013,"19,6"
252,3,ambos_sexos,74,San Luis,2014,"12,1"
253,3,ambos_sexos,74,San Luis,2015,"15,5"
254,3,ambos_sexos,74,San Luis,2016,"16,6"
255,3,ambos_sexos,74,San Luis,2017,"9,8"
256,3,ambos_sexos,74,San Luis,2018,"11,1"
257,3,ambos_sexos,74,San Luis,2019,"13,7"
258,3,ambos_sexos,74,San Luis,2020,"10,0"
259,3,ambos_sexos,74,San Luis,2021,"11,9"
260,3,ambos_sexos,74,San Luis,2022,"17,1"
261,3,ambos_sexos,78,Santa Cruz,2010,"22,5"
262,3,ambos_sexos,78,Santa Cruz,2011,"21,4"
263,3,ambos_sexos,78,Santa Cruz,2012,"20,8"
264,3,ambos_sexos,78,Santa Cruz,2013,"15,2"
265,3,ambos_sexos,78,Santa Cruz,2014,"23,8"
266,3,ambos_sexos,78,Santa Cruz,2015,"22,2"
267,3,ambos_sexos,78,Santa Cruz,2016,"20,3"
268,3,ambos_sexos,78,Santa Cruz,2017,"27,5"
269,3,ambos_sexos,78,Santa Cruz,2018,"28,5"
270,3,ambos_sexos,78,Santa Cruz,2019,"15,7"
271,3,ambos_sexos,78,Santa Cruz,2020,"9,0"
272,3,ambos_sexos,78,Santa Cruz,2021,"16,0"
273,3,ambos_sexos,78,Santa Cruz,2022,"20,6"
274,3,ambos_sexos,82,Santa Fe,2010,"14,3"
275,3,ambos_sexos,82,Santa Fe,2011,"13,5"
276,3,ambos_sexos,82,Santa Fe,2012,"13,6"
277,3,ambos_sexos,82,Santa Fe,2013,"14,5"
278,3,ambos_sexos,82,Santa Fe,2014,"10,7"
279,3,ambos_sexos,82,Santa Fe,2015,"10,0"
280,3,ambos_sexos,82,Santa Fe,2016,"7,6"
281,3,ambos_sexos,82,Santa Fe,2017,"5,7"
282,3,ambos_sexos,82,Santa Fe,2018,"10,1"
283,3,ambos_sexos,82,Santa Fe,2019,"9,0"
284,3,ambos_sexos,82,Santa Fe,2020,"7,2"
285,3,ambos_sexos,82,Santa Fe,2021,"7,8"
286,3,ambos_sexos,82,Santa Fe,2022,"11,3"
287,3,ambos_sexos,86,Santiago del Estero,2010,"6,5"
288,3,ambos_sexos,86,Santiago del Estero,2011,"9,6"
289,3,ambos_sexos,86,Santiago del Estero,2012,"5,5"
290,3,ambos_sexos,86,Santiago del Estero,2013,"3,9"
291,3,ambos_sexos,86,Santiago del Estero,2014,"7,4"
292,3,ambos_sexos,86,Santiago del Estero,2015,"9,3"
293,3,ambos_sexos,86,Santiago del Estero,2016,"4,2"
294,3,ambos_sexos,86,Santiago del Estero,2017,"2,3"
295,3,ambos_sexos,86,Santiago del Estero,2018,"7,5"
296,3,ambos_sexos,86,Santiago del Estero,2019,"9,3"
297,3,ambos_sexos,86,Santiago del Estero,2020,"4,6"
298,3,ambos_sexos,86,Santiago del Estero,2021,"5,6"
299,3,ambos_sexos,86,Santiago del Estero,2022,"9,1"
300,3,ambos_sexos,94,Tierra del Fuego,2010,"25,1"
301,3,ambos_sexos,94,Tierra del Fuego,2011,"36,1"
302,3,ambos_sexos,94,Tierra del Fuego,2012,"24,3"
303,3,ambos_sexos,94,Tierra del Fuego,2013,"29,9"
304,3,ambos_sexos,94,Tierra del Fuego,2014,"23,6"
305,3,ambos_sexos,94,Tierra del Fuego,2015,"26,9"
306,3,ambos_sexos,94,Tierra del Fuego,2016,"28,1"
307,3,ambos_sexos,94,Tierra del Fuego,2017,"22,4"
308,3,ambos_sexos,94,Tierra del Fuego,2018,"34,6"
309,3,ambos_sexos,94,Tierra del Fuego,2019,"34,3"
310,3,ambos_sexos,94,Tierra del Fuego,2020,"20,8"
311,3,ambos_sexos,94,Tierra del Fuego,2021,"16,3"
312,3,ambos_sexos,94,Tierra del Fuego,2022,"17,6"
313,3,ambos_sexos,90,Tucumn,2010,"14,4"
314,3,ambos_sexos,90,Tucumn,2011,"13,6"
315,3,ambos_sexos,90,Tucumn,2012,"19,1"
316,3,ambos_sexos,90,Tucumn,2013,"17,5"
317,3,ambos_sexos,90,Tucumn,2014,"17,2"
318,3,ambos_sexos,90,Tucumn,2015,"16,4"
319,3,ambos_sexos,90,Tucumn,2016,"16,2"
320,3,ambos_sexos,90,Tucumn,2017,"17,4"
321,3,ambos_sexos,90,Tucumn,2018,"18,3"
322,3,ambos_sexos,90,Tucumn,2019,"18,3"
323,3,ambos_sexos,90,Tucumn,2020,"11,1"
324,3,ambos_sexos,90,Tucumn,2021,"17,1"
325,3,ambos_sexos,90,Tucumn,2022,"14,2"
326,2,mujeres,200,ARG,2010,"11,6"
327,2,mujeres,200,ARG,2011,"11,1"
328,2,mujeres,200,ARG,2012,"11,1"
329,2,mujeres,200,ARG,2013,"10,9"
330,2,mujeres,200,ARG,2014,"9,1"
331,2,mujeres,200,ARG,2015,"8,6"
332,2,mujeres,200,ARG,2016,"8,2"
333,2,mujeres,200,ARG,2017,"6,3"
334,2,mujeres,200,ARG,2018,"7,8"
335,2,mujeres,200,ARG,2019,"7,5"
336,2,mujeres,200,ARG,2020,"4,6"
337,2,mujeres,200,ARG,2021,"6,7"
338,2,mujeres,200,ARG,2022,"7,3"
339,2,mujeres,2,CABA,2010,"20,3"
340,2,mujeres,2,CABA,2011,"18,8"
341,2,mujeres,2,CABA,2012,"17,4"
342,2,mujeres,2,CABA,2013,"17,0"
343,2,mujeres,2,CABA,2014,"12,7"
344,2,mujeres,2,CABA,2015,"12,0"
345,2,mujeres,2,CABA,2016,"11,1"
346,2,mujeres,2,CABA,2017,"6,9"
347,2,mujeres,2,CABA,2018,"8,4"
348,2,mujeres,2,CABA,2019,"9,0"
349,2,mujeres,2,CABA,2020,"4,5"
350,2,mujeres,2,CABA,2021,"6,3"
351,2,mujeres,2,CABA,2022,"7,4"
352,2,mujeres,6,Buenos Aires,2010,"11,5"
353,2,mujeres,6,Buenos Aires,2011,"10,7"
354,2,mujeres,6,Buenos Aires,2012,"10,0"
355,2,mujeres,6,Buenos Aires,2013,"9,4"
356,2,mujeres,6,Buenos Aires,2014,"8,2"
357,2,mujeres,6,Buenos Aires,2015,"7,2"
358,2,mujeres,6,Buenos Aires,2016,"6,5"
359,2,mujeres,6,Buenos Aires,2017,"4,6"
360,2,mujeres,6,Buenos Aires,2018,"5,9"
361,2,mujeres,6,Buenos Aires,2019,"5,7"
362,2,mujeres,6,Buenos Aires,2020,"3,2"
363,2,mujeres,6,Buenos Aires,2021,"4,0"
364,2,mujeres,6,Buenos Aires,2022,"4,5"
365,2,mujeres,10,Catamarca,2010,"6,3"
366,2,mujeres,10,Catamarca,2011,"8,4"
367,2,mujeres,10,Catamarca,2012,"9,9"
368,2,mujeres,10,Catamarca,2013,"4,6"
369,2,mujeres,10,Catamarca,2014,"8,6"
370,2,mujeres,10,Catamarca,2015,"15,6"
371,2,mujeres,10,Catamarca,2016,"7,5"
372,2,mujeres,10,Catamarca,2017,"1,0"
373,2,mujeres,10,Catamarca,2018,"1,5"
374,2,mujeres,10,Catamarca,2019,"3,4"
375,2,mujeres,10,Catamarca,2020,"3,4"
376,2,mujeres,10,Catamarca,2021,"12,9"
377,2,mujeres,10,Catamarca,2022,"11,4"
378,2,mujeres,22,Chaco,2010,"3,5"
379,2,mujeres,22,Chaco,2011,"6,2"
380,2,mujeres,22,Chaco,2012,"5,7"
381,2,mujeres,22,Chaco,2013,"7,3"
382,2,mujeres,22,Chaco,2014,"2,6"
383,2,mujeres,22,Chaco,2015,"0,7"
384,2,mujeres,22,Chaco,2016,"3,9"
385,2,mujeres,22,Chaco,2017,"1,7"
386,2,mujeres,22,Chaco,2018,"7,0"
387,2,mujeres,22,Chaco,2019,"5,6"
388,2,mujeres,22,Chaco,2020,"2,8"
389,2,mujeres,22,Chaco,2021,"4,5"
390,2,mujeres,22,Chaco,2022,"5,1"
391,2,mujeres,26,Chubut,2010,"16,3"
392,2,mujeres,26,Chubut,2011,"24,8"
393,2,mujeres,26,Chubut,2012,"14,6"
394,2,mujeres,26,Chubut,2013,"21,6"
395,2,mujeres,26,Chubut,2014,"11,9"
396,2,mujeres,26,Chubut,2015,"15,5"
397,2,mujeres,26,Chubut,2016,"15,3"
398,2,mujeres,26,Chubut,2017,"6,5"
399,2,mujeres,26,Chubut,2018,"16,7"
400,2,mujeres,26,Chubut,2019,"15,5"
401,2,mujeres,26,Chubut,2020,"9,4"
402,2,mujeres,26,Chubut,2021,"7,6"
403,2,mujeres,26,Chubut,2022,"10,4"
404,2,mujeres,14,Crdoba,2010,"12,1"
405,2,mujeres,14,Crdoba,2011,"9,7"
406,2,mujeres,14,Crdoba,2012,"10,6"
407,2,mujeres,14,Crdoba,2013,"11,4"
408,2,mujeres,14,Crdoba,2014,"9,3"
409,2,mujeres,14,Crdoba,2015,"8,7"
410,2,mujeres,14,Crdoba,2016,"8,5"
411,2,mujeres,14,Crdoba,2017,"8,9"
412,2,mujeres,14,Crdoba,2018,"8,7"
413,2,mujeres,14,Crdoba,2019,"7,7"
414,2,mujeres,14,Crdoba,2020,"5,3"
415,2,mujeres,14,Crdoba,2021,"9,1"
416,2,mujeres,14,Crdoba,2022,"10,4"
417,2,mujeres,18,Corrientes,2010,"6,0"
418,2,mujeres,18,Corrientes,2011,"4,6"
419,2,mujeres,18,Corrientes,2012,"5,3"
420,2,mujeres,18,Corrientes,2013,"5,3"
421,2,mujeres,18,Corrientes,2014,"6,1"
422,2,mujeres,18,Corrientes,2015,"5,9"
423,2,mujeres,18,Corrientes,2016,"5,3"
424,2,mujeres,18,Corrientes,2017,"2,2"
425,2,mujeres,18,Corrientes,2018,"2,9"
426,2,mujeres,18,Corrientes,2019,"1,2"
427,2,mujeres,18,Corrientes,2020,"1,9"
428,2,mujeres,18,Corrientes,2021,"5,6"
429,2,mujeres,18,Corrientes,2022,"2,4"
430,2,mujeres,30,Entre Ros,2010,"9,4"
431,2,mujeres,30,Entre Ros,2011,"7,7"
432,2,mujeres,30,Entre Ros,2012,"8,4"
433,2,mujeres,30,Entre Ros,2013,"8,3"
434,2,mujeres,30,Entre Ros,2014,"6,3"
435,2,mujeres,30,Entre Ros,2015,"7,6"
436,2,mujeres,30,Entre Ros,2016,"6,5"
437,2,mujeres,30,Entre Ros,2017,"3,1"
438,2,mujeres,30,Entre Ros,2018,"7,5"
439,2,mujeres,30,Entre Ros,2019,"5,0"
440,2,mujeres,30,Entre Ros,2020,"5,1"
441,2,mujeres,30,Entre Ros,2021,"5,2"
442,2,mujeres,30,Entre Ros,2022,"3,6"
443,2,mujeres,34,Formosa,2010,"7,2"
444,2,mujeres,34,Formosa,2011,"2,9"
445,2,mujeres,34,Formosa,2012,"5,7"
446,2,mujeres,34,Formosa,2013,"10,5"
447,2,mujeres,34,Formosa,2014,"3,8"
448,2,mujeres,34,Formosa,2015,"8,3"
449,2,mujeres,34,Formosa,2016,"9,9"
450,2,mujeres,34,Formosa,2017,"8,8"
451,2,mujeres,34,Formosa,2018,"11,4"
452,2,mujeres,34,Formosa,2019,"15,9"
453,2,mujeres,34,Formosa,2020,"8,9"
454,2,mujeres,34,Formosa,2021,"8,8"
455,2,mujeres,34,Formosa,2022,"11,7"
456,2,mujeres,38,Jujuy,2010,"14,1"
457,2,mujeres,38,Jujuy,2011,"10,5"
458,2,mujeres,38,Jujuy,2012,"16,3"
459,2,mujeres,38,Jujuy,2013,"17,8"
460,2,mujeres,38,Jujuy,2014,"15,9"
461,2,mujeres,38,Jujuy,2015,"13,8"
462,2,mujeres,38,Jujuy,2016,"16,9"
463,2,mujeres,38,Jujuy,2017,"18,0"
464,2,mujeres,38,Jujuy,2018,"25,9"
465,2,mujeres,38,Jujuy,2019,"20,2"
466,2,mujeres,38,Jujuy,2020,"12,6"
467,2,mujeres,38,Jujuy,2021,"24,4"
468,2,mujeres,38,Jujuy,2022,"14,3"
469,2,mujeres,42,La Pampa,2010,"7,9"
470,2,mujeres,42,La Pampa,2011,"12,0"
471,2,mujeres,42,La Pampa,2012,"11,3"
472,2,mujeres,42,La Pampa,2013,"18,3"
473,2,mujeres,42,La Pampa,2014,"14,6"
474,2,mujeres,42,La Pampa,2015,"13,9"
475,2,mujeres,42,La Pampa,2016,"17,2"
476,2,mujeres,42,La Pampa,2017,"15,3"
477,2,mujeres,42,La Pampa,2018,"10,7"
478,2,mujeres,42,La Pampa,2019,"10,6"
479,2,mujeres,42,La Pampa,2020,"6,6"
480,2,mujeres,42,La Pampa,2021,"9,9"
481,2,mujeres,42,La Pampa,2022,"13,1"
482,2,mujeres,46,La Rioja,2010,"15,1"
483,2,mujeres,46,La Rioja,2011,"12,6"
484,2,mujeres,46,La Rioja,2012,"6,8"
485,2,mujeres,46,La Rioja,2013,"18,4"
486,2,mujeres,46,La Rioja,2014,"11,5"
487,2,mujeres,46,La Rioja,2015,"8,1"
488,2,mujeres,46,La Rioja,2016,"1,1"
489,2,mujeres,46,La Rioja,2017,"2,1"
490,2,mujeres,46,La Rioja,2018,"0,5"
491,2,mujeres,46,La Rioja,2019,"8,7"
492,2,mujeres,46,La Rioja,2020,"0,5"
493,2,mujeres,46,La Rioja,2021,"11,5"
494,2,mujeres,46,La Rioja,2022,"21,7"
495,2,mujeres,50,Mendoza,2010,"8,4"
496,2,mujeres,50,Mendoza,2011,"8,9"
497,2,mujeres,50,Mendoza,2012,"7,3"
498,2,mujeres,50,Mendoza,2013,"9,4"
499,2,mujeres,50,Mendoza,2014,"8,3"
500,2,mujeres,50,Mendoza,2015,"10,0"
501,2,mujeres,50,Mendoza,2016,"8,0"
502,2,mujeres,50,Mendoza,2017,"7,3"
503,2,mujeres,50,Mendoza,2018,"6,7"
504,2,mujeres,50,Mendoza,2019,"9,5"
505,2,mujeres,50,Mendoza,2020,"4,7"
506,2,mujeres,50,Mendoza,2021,"6,8"
507,2,mujeres,50,Mendoza,2022,"7,7"
508,2,mujeres,54,Misiones,2010,"11,7"
509,2,mujeres,54,Misiones,2011,"11,0"
510,2,mujeres,54,Misiones,2012,"14,0"
511,2,mujeres,54,Misiones,2013,"10,5"
512,2,mujeres,54,Misiones,2014,"5,8"
513,2,mujeres,54,Misiones,2015,"1,8"
514,2,mujeres,54,Misiones,2016,"10,6"
515,2,mujeres,54,Misiones,2017,"6,2"
516,2,mujeres,54,Misiones,2018,"6,6"
517,2,mujeres,54,Misiones,2019,"3,5"
518,2,mujeres,54,Misiones,2020,"1,1"
519,2,mujeres,54,Misiones,2021,"9,4"
520,2,mujeres,54,Misiones,2022,"4,5"
521,2,mujeres,58,Neuqun,2010,"13,9"
522,2,mujeres,58,Neuqun,2011,"11,6"
523,2,mujeres,58,Neuqun,2012,"11,1"
524,2,mujeres,58,Neuqun,2013,"13,9"
525,2,mujeres,58,Neuqun,2014,"15,3"
526,2,mujeres,58,Neuqun,2015,"14,8"
527,2,mujeres,58,Neuqun,2016,"13,0"
528,2,mujeres,58,Neuqun,2017,"12,8"
529,2,mujeres,58,Neuqun,2018,"15,7"
530,2,mujeres,58,Neuqun,2019,"11,8"
531,2,mujeres,58,Neuqun,2020,"6,9"
532,2,mujeres,58,Neuqun,2021,"5,3"
533,2,mujeres,58,Neuqun,2022,"8,5"
534,2,mujeres,62,Ro Negro,2010,"11,7"
535,2,mujeres,62,Ro Negro,2011,"9,4"
536,2,mujeres,62,Ro Negro,2012,"10,4"
537,2,mujeres,62,Ro Negro,2013,"13,2"
538,2,mujeres,62,Ro Negro,2014,"13,0"
539,2,mujeres,62,Ro Negro,2015,"14,5"
540,2,mujeres,62,Ro Negro,2016,"14,6"
541,2,mujeres,62,Ro Negro,2017,"12,2"
542,2,mujeres,62,Ro Negro,2018,"15,1"
543,2,mujeres,62,Ro Negro,2019,"11,9"
544,2,mujeres,62,Ro Negro,2020,"6,4"
545,2,mujeres,62,Ro Negro,2021,"5,5"
546,2,mujeres,62,Ro Negro,2022,"8,3"
547,2,mujeres,66,Salta,2010,"15,5"
548,2,mujeres,66,Salta,2011,"18,1"
549,2,mujeres,66,Salta,2012,"21,5"
550,2,mujeres,66,Salta,2013,"16,3"
551,2,mujeres,66,Salta,2014,"18,4"
552,2,mujeres,66,Salta,2015,"16,6"
553,2,mujeres,66,Salta,2016,"17,7"
554,2,mujeres,66,Salta,2017,"15,3"
555,2,mujeres,66,Salta,2018,"18,2"
556,2,mujeres,66,Salta,2019,"15,6"
557,2,mujeres,66,Salta,2020,"13,2"
558,2,mujeres,66,Salta,2021,"20,7"
559,2,mujeres,66,Salta,2022,"19,9"
560,2,mujeres,70,San Juan,2010,"5,4"
561,2,mujeres,70,San Juan,2011,"9,0"
562,2,mujeres,70,San Juan,2012,"11,3"
563,2,mujeres,70,San Juan,2013,"8,5"
564,2,mujeres,70,San Juan,2014,"7,0"
565,2,mujeres,70,San Juan,2015,"5,9"
566,2,mujeres,70,San Juan,2016,"7,7"
567,2,mujeres,70,San Juan,2017,"7,1"
568,2,mujeres,70,San Juan,2018,"6,2"
569,2,mujeres,70,San Juan,2019,"7,7"
570,2,mujeres,70,San Juan,2020,"3,6"
571,2,mujeres,70,San Juan,2021,"8,3"
572,2,mujeres,70,San Juan,2022,"10,2"
573,2,mujeres,74,San Luis,2010,"7,1"
574,2,mujeres,74,San Luis,2011,"8,8"
575,2,mujeres,74,San Luis,2012,"11,3"
576,2,mujeres,74,San Luis,2013,"15,0"
577,2,mujeres,74,San Luis,2014,"7,2"
578,2,mujeres,74,San Luis,2015,"11,7"
579,2,mujeres,74,San Luis,2016,"11,1"
580,2,mujeres,74,San Luis,2017,"4,5"
581,2,mujeres,74,San Luis,2018,"4,4"
582,2,mujeres,74,San Luis,2019,"9,9"
583,2,mujeres,74,San Luis,2020,"4,7"
584,2,mujeres,74,San Luis,2021,"7,7"
585,2,mujeres,74,San Luis,2022,"11,4"
586,2,mujeres,78,Santa Cruz,2010,"18,7"
587,2,mujeres,78,Santa Cruz,2011,"20,3"
588,2,mujeres,78,Santa Cruz,2012,"21,0"
589,2,mujeres,78,Santa Cruz,2013,"10,2"
590,2,mujeres,78,Santa Cruz,2014,"17,2"
591,2,mujeres,78,Santa Cruz,2015,"18,0"
592,2,mujeres,78,Santa Cruz,2016,"11,9"
593,2,mujeres,78,Santa Cruz,2017,"21,3"
594,2,mujeres,78,Santa Cruz,2018,"24,3"
595,2,mujeres,78,Santa Cruz,2019,"6,9"
596,2,mujeres,78,Santa Cruz,2020,"6,2"
597,2,mujeres,78,Santa Cruz,2021,"8,8"
598,2,mujeres,78,Santa Cruz,2022,"16,1"
599,2,mujeres,82,Santa Fe,2010,"10,6"
600,2,mujeres,82,Santa Fe,2011,"9,6"
601,2,mujeres,82,Santa Fe,2012,"9,9"
602,2,mujeres,82,Santa Fe,2013,"10,0"
603,2,mujeres,82,Santa Fe,2014,"6,0"
604,2,mujeres,82,Santa Fe,2015,"5,4"
605,2,mujeres,82,Santa Fe,2016,"3,8"
606,2,mujeres,82,Santa Fe,2017,"3,0"
607,2,mujeres,82,Santa Fe,2018,"5,1"
608,2,mujeres,82,Santa Fe,2019,"6,6"
609,2,mujeres,82,Santa Fe,2020,"5,1"
610,2,mujeres,82,Santa Fe,2021,"5,5"
611,2,mujeres,82,Santa Fe,2022,"7,3"
612,2,mujeres,86,Santiago del Estero,2010,"5,7"
613,2,mujeres,86,Santiago del Estero,2011,"8,1"
614,2,mujeres,86,Santiago del Estero,2012,"4,7"
615,2,mujeres,86,Santiago del Estero,2013,"4,2"
616,2,mujeres,86,Santiago del Estero,2014,"5,6"
617,2,mujeres,86,Santiago del Estero,2015,"8,2"
618,2,mujeres,86,Santiago del Estero,2016,"4,0"
619,2,mujeres,86,Santiago del Estero,2017,"1,3"
620,2,mujeres,86,Santiago del Estero,2018,"5,0"
621,2,mujeres,86,Santiago del Estero,2019,"8,8"
622,2,mujeres,86,Santiago del Estero,2020,"4,3"
623,2,mujeres,86,Santiago del Estero,2021,"3,0"
624,2,mujeres,86,Santiago del Estero,2022,"7,2"
625,2,mujeres,94,Tierra del Fuego,2010,"12,4"
626,2,mujeres,94,Tierra del Fuego,2011,"28,6"
627,2,mujeres,94,Tierra del Fuego,2012,"23,4"
628,2,mujeres,94,Tierra del Fuego,2013,"14,2"
629,2,mujeres,94,Tierra del Fuego,2014,"13,8"
630,2,mujeres,94,Tierra del Fuego,2015,"14,7"
631,2,mujeres,94,Tierra del Fuego,2016,"7,8"
632,2,mujeres,94,Tierra del Fuego,2017,"7,6"
633,2,mujeres,94,Tierra del Fuego,2018,"19,8"
634,2,mujeres,94,Tierra del Fuego,2019,"18,1"
635,2,mujeres,94,Tierra del Fuego,2020,"12,9"
636,2,mujeres,94,Tierra del Fuego,2021,"9,2"
637,2,mujeres,94,Tierra del Fuego,2022,"7,8"
638,2,mujeres,90,Tucumn,2010,"7,8"
639,2,mujeres,90,Tucumn,2011,"6,5"
640,2,mujeres,90,Tucumn,2012,"10,2"
641,2,mujeres,90,Tucumn,2013,"8,0"
642,2,mujeres,90,Tucumn,2014,"10,8"
643,2,mujeres,90,Tucumn,2015,"7,2"
644,2,mujeres,90,Tucumn,2016,"8,6"
645,2,mujeres,90,Tucumn,2017,"7,7"
646,2,mujeres,90,Tucumn,2018,"9,5"
647,2,mujeres,90,Tucumn,2019,"7,7"
648,2,mujeres,90,Tucumn,2020,"5,5"
649,2,mujeres,90,Tucumn,2021,"8,8"
650,2,mujeres,90,Tucumn,2022,"8,2"
651,1,varones,200,ARG,2010,"23,9"
652,1,varones,200,ARG,2011,"24,0"
653,1,varones,200,ARG,2012,"23,7"
654,1,varones,200,ARG,2013,"23,6"
655,1,varones,200,ARG,2014,"21,7"
656,1,varones,200,ARG,2015,"22,3"
657,1,varones,200,ARG,2016,"20,5"
658,1,varones,200,ARG,2017,"16,2"
659,1,varones,200,ARG,2018,"19,5"
660,1,varones,200,ARG,2019,"18,4"
661,1,varones,200,ARG,2020,"11,7"
662,1,varones,200,ARG,2021,"16,6"
663,1,varones,200,ARG,2022,"17,2"
664,1,varones,2,CABA,2010,"77,8"
665,1,varones,2,CABA,2011,"72,4"
666,1,varones,2,CABA,2012,"69,6"
667,1,varones,2,CABA,2013,"66,3"
668,1,varones,2,CABA,2014,"61,1"
669,1,varones,2,CABA,2015,"64,7"
670,1,varones,2,CABA,2016,"59,4"
671,1,varones,2,CABA,2017,"40,6"
672,1,varones,2,CABA,2018,"42,4"
673,1,varones,2,CABA,2019,"42,3"
674,1,varones,2,CABA,2020,"23,7"
675,1,varones,2,CABA,2021,"29,6"
676,1,varones,2,CABA,2022,"28,1"
677,1,varones,6,Buenos Aires,2010,"19,6"
678,1,varones,6,Buenos Aires,2011,"19,6"
679,1,varones,6,Buenos Aires,2012,"17,9"
680,1,varones,6,Buenos Aires,2013,"16,9"
681,1,varones,6,Buenos Aires,2014,"15,3"
682,1,varones,6,Buenos Aires,2015,"16,0"
683,1,varones,6,Buenos Aires,2016,"14,4"
684,1,varones,6,Buenos Aires,2017,"9,9"
685,1,varones,6,Buenos Aires,2018,"12,6"
686,1,varones,6,Buenos Aires,2019,"12,3"
687,1,varones,6,Buenos Aires,2020,"7,3"
688,1,varones,6,Buenos Aires,2021,"9,1"
689,1,varones,6,Buenos Aires,2022,"8,9"
690,1,varones,10,Catamarca,2010,"3,7"
691,1,varones,10,Catamarca,2011,"10,5"
692,1,varones,10,Catamarca,2012,"13,0"
693,1,varones,10,Catamarca,2013,"14,9"
694,1,varones,10,Catamarca,2014,"13,7"
695,1,varones,10,Catamarca,2015,"18,6"
696,1,varones,10,Catamarca,2016,"18,5"
697,1,varones,10,Catamarca,2017,"4,0"
698,1,varones,10,Catamarca,2018,"1,0"
699,1,varones,10,Catamarca,2019,"5,3"
700,1,varones,10,Catamarca,2020,"11,5"
701,1,varones,10,Catamarca,2021,"19,5"
702,1,varones,10,Catamarca,2022,"21,3"
703,1,varones,22,Chaco,2010,"13,5"
704,1,varones,22,Chaco,2011,"11,3"
705,1,varones,22,Chaco,2012,"14,3"
706,1,varones,22,Chaco,2013,"18,3"
707,1,varones,22,Chaco,2014,"5,7"
708,1,varones,22,Chaco,2015,"3,2"
709,1,varones,22,Chaco,2016,"9,6"
710,1,varones,22,Chaco,2017,"2,3"
711,1,varones,22,Chaco,2018,"23,0"
712,1,varones,22,Chaco,2019,"15,3"
713,1,varones,22,Chaco,2020,"5,9"
714,1,varones,22,Chaco,2021,"13,7"
715,1,varones,22,Chaco,2022,"13,5"
716,1,varones,26,Chubut,2010,"22,6"
717,1,varones,26,Chubut,2011,"26,7"
718,1,varones,26,Chubut,2012,"28,0"
719,1,varones,26,Chubut,2013,"28,2"
720,1,varones,26,Chubut,2014,"25,2"
721,1,varones,26,Chubut,2015,"24,0"
722,1,varones,26,Chubut,2016,"26,3"
723,1,varones,26,Chubut,2017,"12,2"
724,1,varones,26,Chubut,2018,"27,4"
725,1,varones,26,Chubut,2019,"29,8"
726,1,varones,26,Chubut,2020,"21,3"
727,1,varones,26,Chubut,2021,"25,7"
728,1,varones,26,Chubut,2022,"24,6"
729,1,varones,14,Crdoba,2010,"27,1"
730,1,varones,14,Crdoba,2011,"25,5"
731,1,varones,14,Crdoba,2012,"26,8"
732,1,varones,14,Crdoba,2013,"25,6"
733,1,varones,14,Crdoba,2014,"25,0"
734,1,varones,14,Crdoba,2015,"22,7"
735,1,varones,14,Crdoba,2016,"21,1"
736,1,varones,14,Crdoba,2017,"18,6"
737,1,varones,14,Crdoba,2018,"17,5"
738,1,varones,14,Crdoba,2019,"14,8"
739,1,varones,14,Crdoba,2020,"11,3"
740,1,varones,14,Crdoba,2021,"22,9"
741,1,varones,14,Crdoba,2022,"25,0"
742,1,varones,18,Corrientes,2010,"11,6"
743,1,varones,18,Corrientes,2011,"10,9"
744,1,varones,18,Corrientes,2012,"12,1"
745,1,varones,18,Corrientes,2013,"15,7"
746,1,varones,18,Corrientes,2014,"13,4"
747,1,varones,18,Corrientes,2015,"16,1"
748,1,varones,18,Corrientes,2016,"15,2"
749,1,varones,18,Corrientes,2017,"4,3"
750,1,varones,18,Corrientes,2018,"10,1"
751,1,varones,18,Corrientes,2019,"6,0"
752,1,varones,18,Corrientes,2020,"8,0"
753,1,varones,18,Corrientes,2021,"12,5"
754,1,varones,18,Corrientes,2022,"8,5"
755,1,varones,30,Entre Ros,2010,"17,1"
756,1,varones,30,Entre Ros,2011,"21,2"
757,1,varones,30,Entre Ros,2012,"16,7"
758,1,varones,30,Entre Ros,2013,"20,0"
759,1,varones,30,Entre Ros,2014,"13,4"
760,1,varones,30,Entre Ros,2015,"14,3"
761,1,varones,30,Entre Ros,2016,"11,6"
762,1,varones,30,Entre Ros,2017,"5,3"
763,1,varones,30,Entre Ros,2018,"15,0"
764,1,varones,30,Entre Ros,2019,"9,6"
765,1,varones,30,Entre Ros,2020,"8,7"
766,1,varones,30,Entre Ros,2021,"9,8"
767,1,varones,30,Entre Ros,2022,"8,2"
768,1,varones,34,Formosa,2010,"6,9"
769,1,varones,34,Formosa,2011,"9,0"
770,1,varones,34,Formosa,2012,"11,8"
771,1,varones,34,Formosa,2013,"15,2"
772,1,varones,34,Formosa,2014,"10,1"
773,1,varones,34,Formosa,2015,"15,9"
774,1,varones,34,Formosa,2016,"15,5"
775,1,varones,34,Formosa,2017,"17,7"
776,1,varones,34,Formosa,2018,"21,6"
777,1,varones,34,Formosa,2019,"30,1"
778,1,varones,34,Formosa,2020,"19,9"
779,1,varones,34,Formosa,2021,"20,4"
780,1,varones,34,Formosa,2022,"26,5"
781,1,varones,38,Jujuy,2010,"22,0"
782,1,varones,38,Jujuy,2011,"20,2"
783,1,varones,38,Jujuy,2012,"24,9"
784,1,varones,38,Jujuy,2013,"32,5"
785,1,varones,38,Jujuy,2014,"30,4"
786,1,varones,38,Jujuy,2015,"34,8"
787,1,varones,38,Jujuy,2016,"28,6"
788,1,varones,38,Jujuy,2017,"37,0"
789,1,varones,38,Jujuy,2018,"52,9"
790,1,varones,38,Jujuy,2019,"62,7"
791,1,varones,38,Jujuy,2020,"23,1"
792,1,varones,38,Jujuy,2021,"57,9"
793,1,varones,38,Jujuy,2022,"35,2"
794,1,varones,42,La Pampa,2010,"16,0"
795,1,varones,42,La Pampa,2011,"21,3"
796,1,varones,42,La Pampa,2012,"12,7"
797,1,varones,42,La Pampa,2013,"25,7"
798,1,varones,42,La Pampa,2014,"17,2"
799,1,varones,42,La Pampa,2015,"24,7"
800,1,varones,42,La Pampa,2016,"22,7"
801,1,varones,42,La Pampa,2017,"26,5"
802,1,varones,42,La Pampa,2018,"17,2"
803,1,varones,42,La Pampa,2019,"18,7"
804,1,varones,42,La Pampa,2020,"15,2"
805,1,varones,42,La Pampa,2021,"17,3"
806,1,varones,42,La Pampa,2022,"17,2"
807,1,varones,46,La Rioja,2010,"21,7"
808,1,varones,46,La Rioja,2011,"17,9"
809,1,varones,46,La Rioja,2012,"13,1"
810,1,varones,46,La Rioja,2013,"18,5"
811,1,varones,46,La Rioja,2014,"22,7"
812,1,varones,46,La Rioja,2015,"15,8"
813,1,varones,46,La Rioja,2016,"7,0"
814,1,varones,46,La Rioja,2017,"1,6"
815,1,varones,46,La Rioja,2018,"2,1"
816,1,varones,46,La Rioja,2019,"11,9"
817,1,varones,46,La Rioja,2020,"3,6"
818,1,varones,46,La Rioja,2021,"17,1"
819,1,varones,46,La Rioja,2022,"34,3"
820,1,varones,50,Mendoza,2010,"21,6"
821,1,varones,50,Mendoza,2011,"23,2"
822,1,varones,50,Mendoza,2012,"24,3"
823,1,varones,50,Mendoza,2013,"25,5"
824,1,varones,50,Mendoza,2014,"26,7"
825,1,varones,50,Mendoza,2015,"25,3"
826,1,varones,50,Mendoza,2016,"24,2"
827,1,varones,50,Mendoza,2017,"24,9"
828,1,varones,50,Mendoza,2018,"27,7"
829,1,varones,50,Mendoza,2019,"26,4"
830,1,varones,50,Mendoza,2020,"17,6"
831,1,varones,50,Mendoza,2021,"24,9"
832,1,varones,50,Mendoza,2022,"28,2"
833,1,varones,54,Misiones,2010,"12,6"
834,1,varones,54,Misiones,2011,"11,7"
835,1,varones,54,Misiones,2012,"19,2"
836,1,varones,54,Misiones,2013,"10,2"
837,1,varones,54,Misiones,2014,"10,4"
838,1,varones,54,Misiones,2015,"4,2"
839,1,varones,54,Misiones,2016,"14,1"
840,1,varones,54,Misiones,2017,"13,0"
841,1,varones,54,Misiones,2018,"14,8"
842,1,varones,54,Misiones,2019,"4,3"
843,1,varones,54,Misiones,2020,"4,1"
844,1,varones,54,Misiones,2021,"17,3"
845,1,varones,54,Misiones,2022,"10,3"
846,1,varones,58,Neuqun,2010,"30,5"
847,1,varones,58,Neuqun,2011,"33,5"
848,1,varones,58,Neuqun,2012,"29,9"
849,1,varones,58,Neuqun,2013,"22,7"
850,1,varones,58,Neuqun,2014,"31,3"
851,1,varones,58,Neuqun,2015,"31,8"
852,1,varones,58,Neuqun,2016,"29,7"
853,1,varones,58,Neuqun,2017,"35,0"
854,1,varones,58,Neuqun,2018,"28,3"
855,1,varones,58,Neuqun,2019,"30,4"
856,1,varones,58,Neuqun,2020,"14,5"
857,1,varones,58,Neuqun,2021,"17,4"
858,1,varones,58,Neuqun,2022,"16,0"
859,1,varones,62,Ro Negro,2010,"16,4"
860,1,varones,62,Ro Negro,2011,"20,1"
861,1,varones,62,Ro Negro,2012,"22,2"
862,1,varones,62,Ro Negro,2013,"25,1"
863,1,varones,62,Ro Negro,2014,"16,3"
864,1,varones,62,Ro Negro,2015,"21,0"
865,1,varones,62,Ro Negro,2016,"24,6"
866,1,varones,62,Ro Negro,2017,"18,7"
867,1,varones,62,Ro Negro,2018,"22,6"
868,1,varones,62,Ro Negro,2019,"19,3"
869,1,varones,62,Ro Negro,2020,"14,8"
870,1,varones,62,Ro Negro,2021,"14,6"
871,1,varones,62,Ro Negro,2022,"17,5"
872,1,varones,66,Salta,2010,"26,1"
873,1,varones,66,Salta,2011,"29,7"
874,1,varones,66,Salta,2012,"28,2"
875,1,varones,66,Salta,2013,"30,7"
876,1,varones,66,Salta,2014,"34,6"
877,1,varones,66,Salta,2015,"34,1"
878,1,varones,66,Salta,2016,"31,4"
879,1,varones,66,Salta,2017,"35,0"
880,1,varones,66,Salta,2018,"36,0"
881,1,varones,66,Salta,2019,"36,1"
882,1,varones,66,Salta,2020,"27,5"
883,1,varones,66,Salta,2021,"40,6"
884,1,varones,66,Salta,2022,"43,6"
885,1,varones,70,San Juan,2010,"10,8"
886,1,varones,70,San Juan,2011,"16,7"
887,1,varones,70,San Juan,2012,"16,8"
888,1,varones,70,San Juan,2013,"18,2"
889,1,varones,70,San Juan,2014,"17,7"
890,1,varones,70,San Juan,2015,"20,0"
891,1,varones,70,San Juan,2016,"18,4"
892,1,varones,70,San Juan,2017,"16,3"
893,1,varones,70,San Juan,2018,"22,7"
894,1,varones,70,San Juan,2019,"23,0"
895,1,varones,70,San Juan,2020,"18,3"
896,1,varones,70,San Juan,2021,"16,9"
897,1,varones,70,San Juan,2022,"27,5"
898,1,varones,74,San Luis,2010,"12,7"
899,1,varones,74,San Luis,2011,"12,5"
900,1,varones,74,San Luis,2012,"19,4"
901,1,varones,74,San Luis,2013,"24,4"
902,1,varones,74,San Luis,2014,"17,2"
903,1,varones,74,San Luis,2015,"19,5"
904,1,varones,74,San Luis,2016,"22,1"
905,1,varones,74,San Luis,2017,"15,3"
906,1,varones,74,San Luis,2018,"17,9"
907,1,varones,74,San Luis,2019,"17,7"
908,1,varones,74,San Luis,2020,"15,5"
909,1,varones,74,San Luis,2021,"15,7"
910,1,varones,74,San Luis,2022,"22,8"
911,1,varones,78,Santa Cruz,2010,"26,1"
912,1,varones,78,Santa Cruz,2011,"22,6"
913,1,varones,78,Santa Cruz,2012,"20,6"
914,1,varones,78,Santa Cruz,2013,"19,9"
915,1,varones,78,Santa Cruz,2014,"30,0"
916,1,varones,78,Santa Cruz,2015,"26,1"
917,1,varones,78,Santa Cruz,2016,"28,3"
918,1,varones,78,Santa Cruz,2017,"33,3"
919,1,varones,78,Santa Cruz,2018,"31,9"
920,1,varones,78,Santa Cruz,2019,"24,0"
921,1,varones,78,Santa Cruz,2020,"11,7"
922,1,varones,78,Santa Cruz,2021,"22,9"
923,1,varones,78,Santa Cruz,2022,"24,9"
924,1,varones,82,Santa Fe,2010,"18,3"
925,1,varones,82,Santa Fe,2011,"17,7"
926,1,varones,82,Santa Fe,2012,"17,6"
927,1,varones,82,Santa Fe,2013,"19,3"
928,1,varones,82,Santa Fe,2014,"15,7"
929,1,varones,82,Santa Fe,2015,"14,9"
930,1,varones,82,Santa Fe,2016,"11,5"
931,1,varones,82,Santa Fe,2017,"8,5"
932,1,varones,82,Santa Fe,2018,"15,3"
933,1,varones,82,Santa Fe,2019,"11,5"
934,1,varones,82,Santa Fe,2020,"9,4"
935,1,varones,82,Santa Fe,2021,"10,3"
936,1,varones,82,Santa Fe,2022,"15,4"
937,1,varones,86,Santiago del Estero,2010,"7,3"
938,1,varones,86,Santiago del Estero,2011,"11,1"
939,1,varones,86,Santiago del Estero,2012,"6,3"
940,1,varones,86,Santiago del Estero,2013,"3,5"
941,1,varones,86,Santiago del Estero,2014,"9,2"
942,1,varones,86,Santiago del Estero,2015,"10,4"
943,1,varones,86,Santiago del Estero,2016,"4,3"
944,1,varones,86,Santiago del Estero,2017,"3,4"
945,1,varones,86,Santiago del Estero,2018,"10,1"
946,1,varones,86,Santiago del Estero,2019,"9,8"
947,1,varones,86,Santiago del Estero,2020,"4,9"
948,1,varones,86,Santiago del Estero,2021,"8,1"
949,1,varones,86,Santiago del Estero,2022,"11,1"
950,1,varones,94,Tierra del Fuego,2010,"37,2"
951,1,varones,94,Tierra del Fuego,2011,"43,3"
952,1,varones,94,Tierra del Fuego,2012,"25,2"
953,1,varones,94,Tierra del Fuego,2013,"44,9"
954,1,varones,94,Tierra del Fuego,2014,"33,1"
955,1,varones,94,Tierra del Fuego,2015,"38,6"
956,1,varones,94,Tierra del Fuego,2016,"47,6"
957,1,varones,94,Tierra del Fuego,2017,"36,6"
958,1,varones,94,Tierra del Fuego,2018,"47,6"
959,1,varones,94,Tierra del Fuego,2019,"49,8"
960,1,varones,94,Tierra del Fuego,2020,"28,3"
961,1,varones,94,Tierra del Fuego,2021,"23,2"
962,1,varones,94,Tierra del Fuego,2022,"27,0"
963,1,varones,90,Tucumn,2010,"21,1"
964,1,varones,90,Tucumn,2011,"20,8"
965,1,varones,90,Tucumn,2012,"28,2"
966,1,varones,90,Tucumn,2013,"27,2"
967,1,varones,90,Tucumn,2014,"23,7"
968,1,varones,90,Tucumn,2015,"26,0"
969,1,varones,90,Tucumn,2016,"24,0"
970,1,varones,90,Tucumn,2017,"27,4"
971,1,varones,90,Tucumn,2018,"27,2"
972,1,varones,90,Tucumn,2019,"29,3"
973,1,varones,90,Tucumn,2020,"16,8"
974,1,varones,90,Tucumn,2021,"25,7"
975,1,varones,90,Tucumn,2022,"20,4"
